Node,Betweenness Centrality
gmat,7.813630229403886e-10
lroleplayprofiles,7.813630229403886e-10
hemlockgrove,7.813630229403886e-10
oracle456,7.813630229403886e-10
musiccritique,7.813630229403886e-10
modeleasternchamber,7.813630229403886e-10
wde,7.813630229403886e-10
runthejewels,7.813630229403886e-10
candytostrangers,7.813630229403886e-10
nwbcfgh,7.813630229403886e-10
naruto_hentai,7.813630229403886e-10
tagpromapsharing,7.813630229403886e-10
teamjunebug,7.813630229403886e-10
samusmains,7.813630229403886e-10
germanfacts,7.813630229403886e-10
hayday,7.813630229403886e-10
archeageguilds,7.813630229403886e-10
galacticguardians,7.813630229403886e-10
bloomingtonnormal,7.813630229403886e-10
teleshits,7.253589625698334e-10
palestineintifada,7.245366212719967e-10
palestinesubwatch,7.245366212719967e-10
selfdefense,7.06553193511117e-10
janna,6.771812865483368e-10
virginsuncensored,6.745598305189912e-10
elitealliance,6.728403808653347e-10
politicalvideos,6.70337715854216e-10
pinup,6.567231985752975e-10
catsandcosmetics,6.511358524503238e-10
civcraft_olympia,6.511358524503238e-10
mtgvintage,6.511358524503238e-10
alienwarealpha,6.05744131175119e-10
unobtanium,6.053820922680248e-10
warthunderrddtwing,5.926879029915651e-10
welikedota,5.860222672052915e-10
redditsierra,5.547339210485876e-10
hypocrisy,5.284855355160447e-10
sochiproblems,5.223174124091325e-10
diablo3xboxone,5.209086819602591e-10
whitecapsfc,5.209086819602591e-10
dota2customgames,5.209086819602591e-10
newbwriters,5.209086819602591e-10
dotaconcepts,5.209086819602591e-10
dogebay,5.209086819602591e-10
trump16,5.204036439150215e-10
sync_alpha,5.160245727770759e-10
shitancapssay,5.123504755428771e-10
mensrightsmeta,4.979420812305423e-10
indianleft,4.5579509671522666e-10
likeus,4.3548800323213607e-10
imadethis,4.1215590274302075e-10
wredditcountryclub,3.906815114701943e-10
bowserjrmains,3.906815114701943e-10
loseit_movember,3.906815114701943e-10
pitmains,3.906815114701943e-10
arcaneguard,3.906815114701943e-10
kendra_sunderland,3.906815114701943e-10
dishonoredrpcomm,3.906815114701943e-10
phototechnique,3.906815114701943e-10
mbplenarsaal,3.906815114701943e-10
monogame,3.906815114701943e-10
yishan,3.906815114701943e-10
libertarianbestof,3.906815114701943e-10
searchforthesleeper,3.906815114701943e-10
akb48,3.906815114701943e-10
plazaaragon,3.906815114701943e-10
royalbluevi,3.906815114701943e-10
seireitei,3.906815114701943e-10
hxh_oc,3.906815114701943e-10
vineyardcommunity,3.906815114701943e-10
incestroleplay,3.906815114701943e-10
askreddit_ja,3.906815114701943e-10
opensouls3,3.906815114701943e-10
donaldandhobbes,3.906815114701943e-10
ufs,3.906815114701943e-10
redditelephino,3.906815114701943e-10
varusmains,3.906815114701943e-10
doppelbangher,3.9038554062817147e-10
rbnmovienight,3.8352709483623287e-10
oldmandog,3.5222625981664794e-10
boreddead,3.3310739399037625e-10
watchthemods,3.3148734306561944e-10
chartreusealliance,3.314873430656194e-10
dragonrealms,3.1765215703851095e-10
ashen_assembly,3.1254520917615544e-10
pokemongosfv,2.6045434098012953e-10
crimsonpokemonleague,2.6045434098012953e-10
newclubnintendotradeu,2.6045434098012953e-10
msmom,2.6045434098012953e-10
nsfwexpectations,2.6045434098012953e-10
parallelworldproblems,2.344089068821166e-10
mtu,2.1287615762247594e-10
everdistant_utopia,1.9534075573509716e-10
eureplica,1.9534075573509716e-10
alexsprompts,1.9534075573509716e-10
clearwaterfl,1.3022717049006476e-10
oldschoolcoolnsfw,1.0418173639205182e-10
neckbeardnests,7.813630229403887e-11
shubreddit,4.714509219088492e-11
downsyndrome,2.6943552515185813e-11
