Node,PageRank
truewomensliberation,-5.548734507787714e-06
cinescenes,-5.5763658873910956e-06
widowers,-5.615784315186511e-06
caitlynmains,-5.660012854635807e-06
dotamasterrace,-5.6851715692933875e-06
chaoslegion,-5.945285347763443e-06
truethebutton,-5.945285347763443e-06
thebluetherhood,-5.959973577370931e-06
gaymersgonewild,-6.028053126438129e-06
arkwarpaint,-6.1142071174088e-06
buttonnews,-6.247311409386395e-06
anomalousstories,-6.4049362238655695e-06
archivedotorg,-6.418382680488898e-06
badselfeater,-6.50156766954703e-06
triviatime,-6.5198806045597655e-06
worldofrust,-6.624309204908302e-06
abetterworldnews,-6.916277998345547e-06
greentext,-7.015398340024388e-06
kyriostrade,-7.182191554033324e-06
nfc_south,-7.496770006080698e-06
tomorrow,-7.519359801586075e-06
columbiamo,-7.549026683469032e-06
brstm,-7.549915268436563e-06
protomen,-7.69819664428607e-06
als,-7.893052448760542e-06
getoffyourass,-7.973308862908617e-06
geelong,-8.110265261184385e-06
someredditstats,-8.188811867423496e-06
nofakereddit,-8.242607173073379e-06
hotsreplaydata,-8.366310925415163e-06
firstpage,-8.372030138060755e-06
swgemu,-8.464385974684457e-06
likeus,-8.62347699019271e-06
thinnerbeauty,-8.680505968996516e-06
spintires,-9.176183589984264e-06
purebattlefield,-9.454220663169362e-06
sodapoppin,-9.521268378403318e-06
radioheadflanfiction,-1.0014042693564324e-05
eternal,-1.0024347894478915e-05
youpoetried,-1.015464365864578e-05
amiwrong,-1.0216187114590571e-05
textyourex,-1.0216187114590571e-05
fear,-1.0216187114590571e-05
storj,-1.0268610271689456e-05
whatsmyimpression,-1.0687027525345743e-05
evejobs,-1.0792208347702244e-05
assassinsofthebutton,-1.0803735581428906e-05
highschool_dxd,-1.0851415810194793e-05
meshnet,-1.1175601438142322e-05
theroom,-1.1243392280875739e-05
radiocontrol,-1.1463025092195183e-05
sugarfreemua,-1.1524225766570227e-05
malefetishitems,-1.159353095365062e-05
gaybdsmpersonals,-1.159353095365062e-05
dmmill,-1.2338585462537174e-05
pokemongoboulder,-1.3212320427243005e-05
delusionalartists,-1.336103693173234e-05
lyrics,-1.4354262774720452e-05
chronicpain,-1.5654363557156283e-05
toyexchange,-1.5737748878269938e-05
redditstealthcoc,-1.5826864368290526e-05
templeofthephil,-1.5850577960945845e-05
anythinggoesnews,-1.6518255713163477e-05
srssucks,-1.8876185974292966e-05
impeach_trump,-2.0583430676757155e-05
serialpodcastorigins,-2.0812878997571415e-05
feels,-2.0851243099472983e-05
asiantwox,-2.1247666662846995e-05
redditclanshistory,-2.151489577668847e-05
krollshow,-2.156543981244914e-05
wa_guns,-2.1633486310630977e-05
steamteampink,-2.2409019958335e-05
mcpemultiplayer,-2.2549481941105344e-05
clanwars,-2.3520103711292777e-05
jmu,-2.4774326166677506e-05
firstimpression,-2.4774326166677506e-05
wikiinaction,-2.5313820551310014e-05
fsusports,-2.5716323622418766e-05
tomorrowland,-2.6199332800635504e-05
gamingcirclejerk,-2.6200540777440365e-05
imaginaryasylums,-2.6614395459970078e-05
fuckredditads,-2.8409330356512703e-05
diaryofaredditor,-2.935862083568225e-05
fuckablefaces,-3.1303504493788116e-05
enoughcommiespam,-3.25906294010754e-05
strugglefucking,-3.2857183409949325e-05
girlsdoporn,-3.332273666176501e-05
redditzulucoc,-3.546791228588068e-05
redditjrs,-4.491579576629382e-05
stims,-4.539446285821441e-05
alttrp,-4.584236438112093e-05
modelsealand,-5.236929521391124e-05
starterpacks,-5.557879327224903e-05
buttonaftermath,-6.159376670372215e-05
irbitdaaanenr2llhvry,-8.036995539450791e-05
redditmobile,-8.197090460743982e-05
fleshgait,-8.280430057689472e-05
undeleteshadow,-8.420604333153618e-05
deadredditors,-9.425261918914832e-05
prorevenge,-0.00018006167600999773
