Community,Density
16,1.0
48,1.0
84,1.0
120,1.0
125,1.0
146,1.0
148,1.0
196,1.0
251,1.0
322,1.0
412,1.0
452,1.0
473,1.0
489,1.0
545,1.0
555,1.0
4,0.5
8,0.5
20,0.5
23,0.5
24,0.5
25,0.5
27,0.5
32,0.5
35,0.5
36,0.5
37,0.5
38,0.5
39,0.5
41,0.5
42,0.5
43,0.5
45,0.5
46,0.5
47,0.5
50,0.5
52,0.5
54,0.5
55,0.5
56,0.5
60,0.5
62,0.5
64,0.5
65,0.5
67,0.5
68,0.5
69,0.5
70,0.5
71,0.5
72,0.5
73,0.5
74,0.5
76,0.5
78,0.5
79,0.5
81,0.5
82,0.5
85,0.5
86,0.5
87,0.5
88,0.5
89,0.5
90,0.5
94,0.5
96,0.5
97,0.5
98,0.5
99,0.5
101,0.5
102,0.5
103,0.5
104,0.5
105,0.5
106,0.5
107,0.5
110,0.5
111,0.5
112,0.5
113,0.5
114,0.5
115,0.5
116,0.5
117,0.5
118,0.5
119,0.5
121,0.5
122,0.5
123,0.5
126,0.5
128,0.5
129,0.5
131,0.5
132,0.5
133,0.5
134,0.5
136,0.5
137,0.5
139,0.5
141,0.5
143,0.5
